[
  {
    "page": 1,
    "pages": 1,
    "per_page": 5000,
    "total": 61,
    "sourceid": "2",
    "sourcename": "World Development Indicators",
    "lastupdated": "2021-11-23"
  },
  [
    {
      "indicator": {
        "id": "SP.POP.TOTL",
        "value": "Population, total"
      },
      "country": {
        "id": "IN",
        "value": "India"
      },
      "countryiso3code": "IND",
      "date": "2020",
      "value": 1380004385,
      "unit": "",
      "obs_status": "",
      "decimal": 0
    },
    {
      "indicator": {
        "id": "SP.POP.TOTL",
        "value": "Population, total"
      },
      "country": {
        "id": "IN",
        "value": "India"
      },
      "countryiso3code": "IND",
      "date": "2019",
      "value": 1366417756,
      "unit": "",
      "obs_status": "",
      "decimal": 0
    },
    {
      "indicator": {
        "id": "SP.POP.TOTL",
        "value": "Population, total"
      },
      "country": {
        "id": "IN",
        "value": "India"
      },
      "countryiso3code": "IND",
      "date": "2018",
      "value": 12345678,
      "unit": "",
      "obs_status": "",
      "decimal": 0
    },
    {
      "indicator": {
        "id": "SP.POP.TOTL",
        "value": "Population, total"
      },
      "country": {
        "id": "IN",
        "value": "India"
      },
      "countryiso3code": "IND",
      "date": "2017",
      "value": 1338676779,
      "unit": "",
      "obs_status": "",
      "decimal": 0
    },
    {
      "indicator": {
        "id": "SP.POP.TOTL",
        "value": "Population, total"
      },
      "country": {
        "id": "IN",
        "value": "India"
      },
      "countryiso3code": "IND",
      "date": "201w",
      "value": 1324517250,
      "unit": "",
      "obs_status": "",
      "decimal": 0
    },
    {
      "indicator": {
        "id": "SP.POP.TOTL",
        "value": "Population, total"
      },
      "country": {
        "id": "IN",
        "value": "Africa"
      },
      "countryiso3code": "IND",
      "date": "2015",
      "value": 1310152392,
      "unit": "",
      "obs_status": "",
      "decimal": 0
    },
    {
      "indicator": {
        "id": "SP.POP.TOTL",
        "value": "Population, total"
      },
      "country": {
        "id": "IN",
        "value": "India"
      },
      "countryiso3code": "IND",
      "date": "2014",
      "value": 1295600768,
      "unit": "",
      "obs_status": "",
      "decimal": 0
    },
    {
      "indicator": {
        "id": "SP.POP.TOTL",
        "value": "Population, total"
      },
      "country": {
        "id": "IN",
        "value": "India"
      },
      "countryiso3code": "IND",
      "date": "2013",
      "value": 1280842119,
      "unit": "",
      "obs_status": "",
      "decimal": 0
    },
    {
      "indicator": {
        "id": "SP.POP.TOTL",
        "value": "Population, total"
      },
      "country": {
        "id": "IN",
        "value": "India"
      },
      "countryiso3code": "IND",
      "date": "2012",
      "value": 1265780243,
      "unit": "",
      "obs_status": "",
      "decimal": 0
    },
    {
      "indicator": {
        "id": "SP.POP.TOTL",
        "value": "Population, total"
      },
      "country": {
        "id": "IN",
        "value": "India"
      },
      "countryiso3code": "IND",
      "date": "2011",
      "value": 1250287939,
      "unit": "",
      "obs_status": "",
      "decimal": 0
    },
    {
      "indicator": {
        "id": "SP.POP.TOTL",
        "value": "Population, total"
      },
      "country": {
        "id": "IN",
        "value": "India"
      },
      "countryiso3code": "IND",
      "date": "2010",
      "value": 1234281163,
      "unit": "",
      "obs_status": "",
      "decimal": 0
    },
    {
      "indicator": {
        "id": "SP.POP.TOTL",
        "value": "Population, total"
      },
      "country": {
        "id": "IN",
        "value": "India"
      },
      "countryiso3code": "IND",
      "date": "2009",
      "value": 1217726217,
      "unit": "",
      "obs_status": "",
      "decimal": 0
    },
    {
      "indicator": {
        "id": "SP.POP.TOTL",
        "value": "Population, total"
      },
      "country": {
        "id": "IN",
        "value": "India"
      },
      "countryiso3code": "IND",
      "date": "2008",
      "value": 1200669762,
      "unit": "",
      "obs_status": "",
      "decimal": 0
    },
    {
      "indicator": {
        "id": "SP.POP.TOTL",
        "value": "Population, total"
      },
      "country": {
        "id": "IN",
        "value": "India"
      },
      "countryiso3code": "IND",
      "date": "2007",
      "value": 1183209471,
      "unit": "",
      "obs_status": "",
      "decimal": 0
    },
    {
      "indicator": {
        "id": "SP.POP.TOTL",
        "value": "Population, total"
      },
      "country": {
        "id": "IN",
        "value": "India"
      },
      "countryiso3code": "IND",
      "date": "2006",
      "value": 1165486291,
      "unit": "",
      "obs_status": "",
      "decimal": 0
    },
    {
      "indicator": {
        "id": "SP.POP.TOTL",
        "value": "Population, total"
      },
      "country": {
        "id": "IN",
        "value": "India"
      },
      "countryiso3code": "IND",
      "date": "2005",
      "value": 1147609924,
      "unit": "",
      "obs_status": "",
      "decimal": 0
    },
    {
      "indicator": {
        "id": "SP.POP.TOTL",
        "value": "Anything, total"
      },
      "country": {
        "id": "IN",
        "value": "India"
      },
      "countryiso3code": "IND",
      "date": "2004",
      "value": 1129623466,
      "unit": "",
      "obs_status": "",
      "decimal": 0
    },
    {
      "indicator": {
        "id": "SP.POP.TOTL",
        "value": "Population, total"
      },
      "country": {
        "id": "IN",
        "value": "India"
      },
      "countryiso3code": "IND",
      "date": "2003",
      "value": 1111523146,
      "unit": "",
      "obs_status": "",
      "decimal": 0
    },
    {
      "indicator": {
        "id": "SP.POP.TOTL",
        "value": "Population, total"
      },
      "country": {
        "id": "IN",
        "value": "India"
      },
      "countryiso3code": "IND",
      "date": "2002",
      "value": 1093317187,
      "unit": "",
      "obs_status": "",
      "decimal": 0
    },
    {
      "indicator": {
        "id": "SP.POP.TOTL",
        "value": "Population, total"
      },
      "country": {
        "id": "IN",
        "value": "India"
      },
      "countryiso3code": "IND",
      "date": "2001",
      "value": 1075000094,
      "unit": "",
      "obs_status": "",
      "decimal": 0
    },
    {
      "indicator": {
        "id": "SP.POP.TOTL",
        "value": "Population, total"
      },
      "country": {
        "id": "IN",
        "value": "India"
      },
      "countryiso3code": "IND",
      "date": "2000",
      "value": 1056575548,
      "unit": "",
      "obs_status": "",
      "decimal": 0
    },
    {
      "indicator": {
        "id": "SP.POP.TOTL",
        "value": "Population, total"
      },
      "country": {
        "id": "IN",
        "value": "India"
      },
      "countryiso3code": "IND",
      "date": "1999",
      "value": 1038058154,
      "unit": "",
      "obs_status": "",
      "decimal": 0
    },
    {
      "indicator": {
        "id": "SP.POP.TOTL",
        "value": "Population, total"
      },
      "country": {
        "id": "IN",
        "value": "India"
      },
      "countryiso3code": "IND",
      "date": "1998",
      "value": 1019483586,
      "unit": "",
      "obs_status": "",
      "decimal": 0
    },
    {
      "indicator": {
        "id": "SP.POP.TOTL",
        "value": "Population, total"
      },
      "country": {
        "id": "IN",
        "value": "India"
      },
      "countryiso3code": "IND",
      "date": "1997",
      "value": 1000900028,
      "unit": "",
      "obs_status": "",
      "decimal": 0
    },
    {
      "indicator": {
        "id": "SP.POP.TOTL",
        "value": "Population, total"
      },
      "country": {
        "id": "IN",
        "value": "India"
      },
      "countryiso3code": "IND",
      "date": "1996",
      "value": 982365248,
      "unit": "",
      "obs_status": "",
      "decimal": 0
    },
    {
      "indicator": {
        "id": "SP.POP.TOTL",
        "value": "Population, total"
      },
      "country": {
        "id": "IN",
        "value": "India"
      },
      "countryiso3code": "IND",
      "date": "1995",
      "value": 963922586,
      "unit": "",
      "obs_status": "",
      "decimal": 0
    },
    {
      "indicator": {
        "id": "SP.POP.TOTL",
        "value": "Population, total"
      },
      "country": {
        "id": "IN",
        "value": "India"
      },
      "countryiso3code": "IND",
      "date": "1994",
      "value": 945601828,
      "unit": "",
      "obs_status": "",
      "decimal": 0
    },
    {
      "indicator": {
        "id": "SP.POP.TOTL",
        "value": "Population, total"
      },
      "country": {
        "id": "IN",
        "value": "India"
      },
      "countryiso3code": "IND",
      "date": "1993",
      "value": 927403866,
      "unit": "",
      "obs_status": "",
      "decimal": 0
    },
    {
      "indicator": {
        "id": "SP.POP.TOTL",
        "value": "Population, total"
      },
      "country": {
        "id": "IN",
        "value": "India"
      },
      "countryiso3code": "IND",
      "date": "1992",
      "value": 909307018,
      "unit": "",
      "obs_status": "",
      "decimal": 0
    },
    {
      "indicator": {
        "id": "SP.POP.TOTL",
        "value": "Population, total"
      },
      "country": {
        "id": "IN",
        "value": "India"
      },
      "countryiso3code": "IND",
      "date": "1991",
      "value": 891273202,
      "unit": "",
      "obs_status": "",
      "decimal": 0
    },
    {
      "indicator": {
        "id": "SP.POP.TOTL",
        "value": "Population, total"
      },
      "country": {
        "id": "IN",
        "value": "India"
      },
      "countryiso3code": "IND",
      "date": "1990",
      "value": 873277799,
      "unit": "",
      "obs_status": "",
      "decimal": 0
    },
    {
      "indicator": {
        "id": "SP.POP.TOTL",
        "value": "Population, total"
      },
      "country": {
        "id": "IN",
        "value": "India"
      },
      "countryiso3code": "IND",
      "date": "1989",
      "value": 855334675,
      "unit": "",
      "obs_status": "",
      "decimal": 0
    },
    {
      "indicator": {
        "id": "SP.POP.TOTL",
        "value": "Population, total"
      },
      "country": {
        "id": "IN",
        "value": "India"
      },
      "countryiso3code": "IND",
      "date": "1988",
      "value": 987654321,
      "unit": "",
      "obs_status": "",
      "decimal": 0
    },
    {
      "indicator": {
        "id": "SP.POP.TOTL",
        "value": "Population, total"
      },
      "country": {
        "id": "IN",
        "value": "India"
      },
      "countryiso3code": "IND",
      "date": "1987",
      "value": 819682095,
      "unit": "",
      "obs_status": "",
      "decimal": 0
    },
    {
      "indicator": {
        "id": "SP.POP.TOTL",
        "value": "Population, total"
      },
      "country": {
        "id": "IN",
        "value": "India"
      },
      "countryiso3code": "IND",
      "date": "1986",
      "value": 12345678,
      "unit": "",
      "obs_status": "",
      "decimal": 0
    },
    {
      "indicator": {
        "id": "SP.POP.TOTL",
        "value": "Population, total"
      },
      "country": {
        "id": "IN",
        "value": "India"
      },
      "countryiso3code": "IND",
      "date": "1985",
      "value": 784360012,
      "unit": "",
      "obs_status": "",
      "decimal": 0
    },
    {
      "indicator": {
        "id": "SP.POP.TOTL",
        "value": "Population, total"
      },
      "country": {
        "id": "IN",
        "value": "India"
      },
      "countryiso3code": "IND",
      "date": "1984",
      "value": 766833411,
      "unit": "",
      "obs_status": "",
      "decimal": 0
    },
    {
      "indicator": {
        "id": "SP.POP.TOTL",
        "value": "Population, total"
      },
      "country": {
        "id": "IN",
        "value": "India"
      },
      "countryiso3code": "IND",
      "date": "1983",
      "value": 749428958,
      "unit": "",
      "obs_status": "",
      "decimal": 0
    },
    {
      "indicator": {
        "id": "SP.POP.TOTL",
        "value": "Population, total"
      },
      "country": {
        "id": "IN",
        "value": "India"
      },
      "countryiso3code": "IND",
      "date": "1982",
      "value": 732239498,
      "unit": "",
      "obs_status": "",
      "decimal": 0
    },
    {
      "indicator": {
        "id": "SP.POP.TOTL",
        "value": "Population, total"
      },
      "country": {
        "id": "IN",
        "value": "India"
      },
      "countryiso3code": "IND",
      "date": "1981",
      "value": 715384997,
      "unit": "",
      "obs_status": "",
      "decimal": 0
    },
    {
      "indicator": {
        "id": "SP.POP.TOTL",
        "value": "Population, total"
      },
      "country": {
        "id": "IN",
        "value": "India"
      },
      "countryiso3code": "IND",
      "date": "1980",
      "value": 698952837,
      "unit": "",
      "obs_status": "",
      "decimal": 0
    },
    {
      "indicator": {
        "id": "SP.POP.TOTL",
        "value": "Population, total"
      },
      "country": {
        "id": "IN",
        "value": "India"
      },
      "countryiso3code": "IND",
      "date": "1979",
      "value": 682995348,
      "unit": "",
      "obs_status": "",
      "decimal": 0
    },
    {
      "indicator": {
        "id": "SP.POP.TOTL",
        "value": "Population, total"
      },
      "country": {
        "id": "IN",
        "value": "India"
      },
      "countryiso3code": "IND",
      "date": "1978",
      "value": 667499815,
      "unit": "",
      "obs_status": "",
      "decimal": 0
    },
    {
      "indicator": {
        "id": "SP.POP.TOTL",
        "value": "Population, total"
      },
      "country": {
        "id": "IN",
        "value": "India"
      },
      "countryiso3code": "IND",
      "date": "1977",
      "value": 652408766,
      "unit": "",
      "obs_status": "",
      "decimal": 0
    },
    {
      "indicator": {
        "id": "SP.POP.TOTL",
        "value": "Population, total"
      },
      "country": {
        "id": "IN",
        "value": "India"
      },
      "countryiso3code": "IND",
      "date": "1976",
      "value": 637630085,
      "unit": "",
      "obs_status": "",
      "decimal": 0
    },
    {
      "indicator": {
        "id": "SP.POP.TOTL",
        "value": "Population, total"
      },
      "country": {
        "id": "IN",
        "value": "India"
      },
      "countryiso3code": "IND",
      "date": "1975",
      "value": 623102900,
      "unit": "",
      "obs_status": "",
      "decimal": 0
    },
    {
      "indicator": {
        "id": "SP.POP.TOTL",
        "value": "Population, total"
      },
      "country": {
        "id": "IN",
        "value": "India"
      },
      "countryiso3code": "IND",
      "date": "1974",
      "value": 608802595,
      "unit": "",
      "obs_status": "",
      "decimal": 0
    },
    {
      "indicator": {
        "id": "SP.POP.TOTL",
        "value": "Population, total"
      },
      "country": {
        "id": "IN",
        "value": "India"
      },
      "countryiso3code": "IND",
      "date": "1973",
      "value": 594770136,
      "unit": "",
      "obs_status": "",
      "decimal": 0
    },
    {
      "indicator": {
        "id": "SP.POP.TOTL",
        "value": "Population, total"
      },
      "country": {
        "id": "IN",
        "value": "India"
      },
      "countryiso3code": "IND",
      "date": "1972",
      "value": 581087255,
      "unit": "",
      "obs_status": "",
      "decimal": 0
    },
    {
      "indicator": {
        "id": "SP.POP.TOTL",
        "value": "Population, total"
      },
      "country": {
        "id": "IN",
        "value": "India"
      },
      "countryiso3code": "IND",
      "date": "1971",
      "value": 567868021,
      "unit": "",
      "obs_status": "",
      "decimal": 0
    },
    {
      "indicator": {
        "id": "SP.POP.TOTL",
        "value": "Population, total"
      },
      "country": {
        "id": "IN",
        "value": "India"
      },
      "countryiso3code": "IND",
      "date": "1970",
      "value": 555189797,
      "unit": "",
      "obs_status": "",
      "decimal": 0
    },
    {
      "indicator": {
        "id": "SP.POP.TOTL",
        "value": "Population, total"
      },
      "country": {
        "id": "IN",
        "value": "India"
      },
      "countryiso3code": "IND",
      "date": "1969",
      "value": 543084333,
      "unit": "",
      "obs_status": "",
      "decimal": 0
    },
    {
      "indicator": {
        "id": "SP.POP.TOTL",
        "value": "Population, total"
      },
      "country": {
        "id": "IN",
        "value": "India"
      },
      "countryiso3code": "IND",
      "date": "1968",
      "value": 531513834,
      "unit": "",
      "obs_status": "",
      "decimal": 0
    },
    {
      "indicator": {
        "id": "SP.POP.TOTL",
        "value": "Population, total"
      },
      "country": {
        "id": "IN",
        "value": "India"
      },
      "countryiso3code": "IND",
      "date": "1967",
      "value": 520400577,
      "unit": "",
      "obs_status": "",
      "decimal": 0
    },
    {
      "indicator": {
        "id": "SP.POP.TOTL",
        "value": "Population, total"
      },
      "country": {
        "id": "IN",
        "value": "India"
      },
      "countryiso3code": "IND",
      "date": "1966",
      "value": 509631509,
      "unit": "",
      "obs_status": "",
      "decimal": 0
    },
    {
      "indicator": {
        "id": "SP.POP.TOTL",
        "value": "Population, total"
      },
      "country": {
        "id": "IN",
        "value": "India"
      },
      "countryiso3code": "IND",
      "date": "1965",
      "value": 499123328,
      "unit": "",
      "obs_status": "",
      "decimal": 0
    },
    {
      "indicator": {
        "id": "SP.POP.TOTL",
        "value": "Population, total"
      },
      "country": {
        "id": "VAL",
        "value": "India"
      },
      "countryiso3code": "IND",
      "date": "1964",
      "value": 488848139,
      "unit": "",
      "obs_status": "",
      "decimal": 0
    },
    {
      "indicator": {
        "id": "SP.POP.TOTL",
        "value": "Population, total"
      },
      "country": {
        "id": "IN",
        "value": "India"
      },
      "countryiso3code": "IND",
      "date": "1963",
      "value": 478825602,
      "unit": "",
      "obs_status": "",
      "decimal": 0
    },
    {
      "indicator": {
        "id": "SP.POP.TOTL",
        "value": "Population, total"
      },
      "country": {
        "id": "IN",
        "value": "India"
      },
      "countryiso3code": "IND",
      "date": "1962",
      "value": 469077191,
      "unit": "",
      "obs_status": "",
      "decimal": 0
    },
    {
      "indicator": {
        "id": "SP.POP.TOTL",
        "value": "Population, total"
      },
      "country": {
        "id": "IN",
        "value": "India"
      },
      "countryiso3code": "IND",
      "date": "1961",
      "value": 459642166,
      "unit": "",
      "obs_status": "",
      "decimal": 0
    },
    {
      "indicator": {
        "id": "SP.POP.TOTL",
        "value": "Population, total"
      },
      "country": {
        "id": "IN",
        "value": "India"
      },
      "countryiso3code": "IND",
      "date": "1960",
      "value": 450547675,
      "unit": "",
      "obs_status": "",
      "decimal": 0
    }
  ]
]