{
  "Students": [
    {
      "roll": "1928115",
      "gender": "Male",
      "id": "0",
      "name": "Satyajit Mishra"
    },
    {
      "roll": "1928090",
      "gender": "Male",
      "id": "1",
      "name": "Chinmay Pal"
    },
    {
      "roll": "1928135",
      "gender": "Female",
      "id": "2",
      "name": "Suchismita"
    },
    {
      "roll": "1928122",
      "gender": "Female",
      "id": "3",
      "name": "Shubhi Srivastava"
    },
    {
      "roll": "1928120",
      "gender": "Male",
      "id": "4",
      "name": "Shrey Patnaik"
    },
    {
      "roll": "1928114",
      "gender": "Female",
      "id": "5",
      "name": "Satakshi Banerjee"
    },
    {
      "roll": "1905360",
      "gender": "Male",
      "id": "7",
      "name": "Lekhansh Ruprela"
    },
    {
      "roll": "1928229",
      "gender": "Female",
      "id": "8",
      "name": "Garima Prachi"
    }
  ]
}